GEO/TIME,Belgium,Bulgaria,Czechia,Denmark,Germany (until 1990 former territory of the FRG),Estonia,Ireland,Greece,Spain,France,Croatia,Italy,Cyprus,Latvia,Lithuania,Luxembourg,Hungary,Malta,Netherlands,Austria,Poland,Portugal,Romania,Slovenia,Slovakia,Finland,Sweden
1999M01,99.8,74.2,58.5,74.9,105.9,78.3,103.9,110.8,111.1,101.5,:,96.3,:,77.2,73.1,100.7,96.6,:,107.8,99.3,83.8,113.6,60.5,89.6,100.6,100,92.9
1999M02,97.5,78.1,62.7,79.6,105.9,77.4,111.9,110.2,110.6,103.1,:,94.8,:,76.9,72.6,95.5,90.8,:,106.9,97.8,86.7,109.4,59.8,84.7,91.1,96.5,92.1
1999M03,96.8,67.4,54.7,81.7,105,76.5,108.2,110.3,110.9,100.9,:,95.7,:,76.7,73.7,96.6,94.9,:,105.3,99.2,91.2,109.1,59.1,83.5,71.2,97.3,92.4
1999M04,103.3,68,66.7,79.5,103.5,83.7,107.2,112.3,109.6,101.3,:,93.1,:,78.3,73.1,96.7,93.7,:,104.7,99.3,88.9,108.1,76.6,89.1,76.8,98.5,92.2
1999M05,103,64.5,64.5,80.5,103.2,83.3,109.7,111.6,110.1,102.5,:,96.2,:,78.4,75.4,98.2,86.7,:,103.9,97.3,86.9,107.2,76.4,87.4,69.1,98.9,95.3
1999M06,100.7,69.7,71.6,82,103.7,82.9,109.8,111.1,107.8,103.5,:,100,:,78.6,86.8,100.5,88.5,:,104.9,95.1,87.7,107.8,75.3,90.3,83.4,104,97.1
1999M07,102.3,69.6,76.7,84.5,99.7,87,111.7,109.2,108.8,107.5,:,98.6,:,74.6,73.6,99.3,90.5,:,104.8,103.9,87.2,111.6,83.5,99.8,86.2,105.1,98
1999M08,103,72.5,65.5,91.9,100.3,87.2,112.9,109.7,109.2,109.9,:,101.6,:,74.8,80.5,101.3,93.8,:,105.5,102,92.1,111.9,83.8,99.7,84.6,104.1,100.3
1999M09,105.3,73.5,82.9,95.1,100.2,87.3,112.5,110.3,111.3,112.9,:,103.8,:,75,82.7,100.6,97.8,:,107.2,106.3,94.6,108.3,84,98.6,82.6,102.5,100.8
1999M10,109,77.8,82,90.8,104.5,92.1,113.2,114.5,113,113.9,:,105.4,:,87.2,81.4,106.7,99.2,:,110.1,105.6,93.2,111.5,84.6,99.3,86.4,105.9,101.8
1999M11,110.7,76.4,87,90.3,105.4,92.4,118.8,114.6,113.4,117.3,:,107.1,:,87.6,87.5,110.3,100.2,:,109.5,103.5,92.9,111,84.5,97.7,98.7,110.2,102.1
1999M12,111.9,81.5,94.6,90.4,106.9,92.8,120,115.3,111.6,116.7,:,109.3,:,88,89,117.7,100.1,:,109.8,105.7,104.6,110.8,84.7,99.1,99.3,106,104.2
2000M01,112.7,87.2,93.9,94.6,106.6,87.1,116.5,114.9,110.3,116,:,115.8,:,80.8,89.3,114.7,95.5,:,112.2,108.4,108,111,85.3,99.1,95.4,108.8,106.6
2000M02,113.2,80.9,95.3,99.7,108.8,86.9,115.5,117.4,113.5,116.8,:,119.2,:,81,90.9,114.9,101.8,:,111.4,106.3,101.3,115.3,84.9,102,92,112.5,108.9
2000M03,114.6,79.7,98.9,99.7,109,86.6,117.2,119.9,114.3,118.8,:,119.4,:,81.1,89,112.6,95.1,:,112.8,108,108,114.9,84.7,104.5,92.7,113.9,111.8
2000M04,112,90.1,107.8,97.8,108.7,88.9,114.4,119.3,115.8,119.2,:,121.7,:,88.9,87.9,122,103.6,:,111.7,110.1,108.5,113.7,99.6,106.5,89.5,113,111
2000M05,113.1,91.3,105.7,103.1,110.4,88.8,113.8,119.1,114.2,119.4,:,122.9,:,89.4,92,116.6,105.1,:,112.5,112.5,108.4,113.4,100,108.3,91.2,115.5,108.7
2000M06,114.5,80.4,114.1,104.2,108.6,88.8,114.2,119.9,115,119.9,:,119.1,:,89.8,88.2,111.8,104.3,:,113.4,112.4,109.6,112,101.8,115.1,100.3,113.1,109.5
2000M07,112.5,84.1,106.6,102.7,110.1,94.1,115.8,120.6,114,119.4,:,115.5,:,90.2,84.3,115.5,101.1,:,115.8,110.8,100.8,113.8,102.3,109.4,98.1,115.2,109.2
2000M08,112.9,85.2,100.3,105.5,110.7,95.4,113.1,120.1,114.3,118.8,:,117.6,:,90.7,88.2,113.9,101.2,:,114.6,110.5,101.2,112.8,102.8,105.6,103.4,114.6,110.7
2000M09,111.4,88.1,102.8,108.1,109.4,96.5,114.9,119.9,113.3,118.1,:,115.8,:,91,94,115.4,100.7,:,114,106.5,102.1,111,103.1,104.3,105.3,116.9,107.3
2000M10,111.5,91.5,104.6,111.8,109.5,95.9,109.7,114.4,110,120.3,:,115.3,:,100.8,92.3,113.8,100.3,:,114.3,106.8,103.6,110.1,91.2,107.1,104.5,108.8,110
2000M11,110.4,88.2,101.2,104.4,109.9,96.1,110.2,114.6,111.6,117.8,:,114.8,:,101.2,94.3,110.8,102.8,:,113.5,113.4,102.2,111.5,90.7,102.9,102.9,105,108.9
2000M12,110.7,87.6,92.9,105.9,109.5,96.2,110.9,116,112.5,116.9,:,114.1,:,101.6,93.6,108.9,103.7,:,112.1,108.9,100.3,110.7,90.1,106.4,107.9,113.2,107.6
2001M01,110.6,88.4,95.8,104.8,106.4,102.1,111.7,112.5,114.8,117.5,:,114,:,99.8,94.5,113.6,101.7,:,108.8,106.6,104.6,111.7,96.7,105.9,106.1,113.4,101.8
2001M02,108.4,90.2,88.6,105.9,103.9,102.3,111,112.5,111.4,117.1,:,112.5,:,100.1,95.1,109.9,101.9,:,106.8,107,101.2,109.1,97.2,103.6,107.5,108.9,103.5
2001M03,105.9,92,96.8,104.3,100.6,102.4,110.7,111.6,112.2,115,:,112.3,:,99.8,97.2,108,104.4,:,106.3,105.3,101.9,106.2,98,105.6,92.7,97.2,100.1
2001M04,103,97.9,103.6,91.2,101.4,95.1,103.9,112.9,109.4,112,:,106.3,:,95.2,102.3,93.1,105.2,:,105.8,101.8,98.3,109.3,99.4,102.7,90.9,106,94.9
2001M05,100.8,99.8,100.8,94,100,99.7,101.6,112.9,108.1,108.4,:,106.4,105.5,95.7,97.3,92.9,100.7,:,104.5,101.8,90.3,108.5,100.5,95.3,100.9,95,90.1
2001M06,100.4,102.5,94.7,90.5,97.3,101.2,99.8,111.8,109.1,106.8,:,105.6,111.1,97.8,92,93.3,98.1,:,102.7,98.6,93.3,112.3,101.4,99.2,101.4,102.1,87.6
2001M07,99.5,110.4,98.4,97.2,94.7,101.1,97.9,111.2,107.4,103.8,:,107.6,106.5,103.6,94.2,89.9,97.5,:,101.4,94.5,86.1,108.1,101.4,94.9,101.6,99.7,85.9
2001M08,96.5,109.3,101.7,93.5,92.9,102.4,101.3,111.9,105.6,100.4,:,107,109.6,104.9,95.7,88.1,98.8,:,101.1,95,82.6,105.1,100.5,92.5,99.2,94.3,84.9
2001M09,92.7,106.3,95.7,92.7,90.4,101.8,96.1,112.5,105.8,96.7,:,101.2,112.9,101.3,93.6,93.3,99.4,:,100.4,89.8,79.3,102.9,101.2,94.8,98.4,87.2,83.2
2001M10,85.7,99,91.3,88.4,84.4,97.6,94.4,105.1,104.3,94.6,:,93,103.9,100.7,95.4,87.8,94.6,:,96.6,87.7,86.4,98.6,99.1,92.1,95.8,89.8,80.5
2001M11,86,100.3,90.1,90.3,80.9,97.1,89.9,104.2,102.4,91.9,:,91.9,109,101.5,95.8,87.4,90.9,:,96.2,91.3,87.8,102.4,99.7,93,92.5,86.5,80.8
2001M12,88.4,102.7,96.4,93.3,82.3,95.2,92.7,103.7,104.7,94.4,:,96,108,98.7,96.7,85.9,95.7,:,97.1,89.5,86.3,101.7,100.3,92.7,99.5,83.1,83.6
2002M01,91.7,98.3,104.4,99.9,82.5,102.5,97.5,106.5,104.7,98.4,:,97.4,106.9,106.5,96.6,97.2,94.1,:,97.4,89.7,87.2,100.3,103.5,94.8,108.6,97.7,85.3
2002M02,92.7,100.9,96.7,99.2,84.7,106.7,96.7,107.7,105.2,98.5,:,102.3,110.6,106.4,96.7,94.7,101.5,:,98.6,94.2,84.8,100.9,103.6,94.6,107.2,91.5,89.8
2002M03,96.8,99.9,105.6,98.9,86.7,110.6,99.2,107.3,101.9,100.1,:,107.1,109.5,106.6,96.4,92.9,104,:,98.4,90.1,87.6,102.8,104.2,92.1,116.5,96.5,91.6
2002M04,98.7,101,99.4,103.3,86.9,108.2,99,103.6,105.5,101.8,:,105,114.9,101.5,96.8,93.8,103.7,:,98.3,93,89.5,98.3,94.6,90,106.3,98,93.9
2002M05,100.4,111.2,107,98.2,85.5,107.6,100.4,106.3,107.4,106.4,:,105.6,103.6,102.2,99.9,92.8,109.1,:,97.8,93.2,91.4,100.2,92.4,101.7,107.3,103.1,93.1
2002M06,98.6,112.3,104.5,95.6,84.8,107.6,96.5,106.4,106,102.2,:,102.2,102.6,102.6,96.3,96.6,107.5,:,97.1,93.4,85.8,99.8,90.9,102.1,101,99.5,95.2
2002M07,97.9,108.7,107.5,95.2,84,108,95.2,105.7,105.4,99.2,:,99.7,104.1,102.9,97.2,102.1,107.3,:,95.3,91.2,85,98.3,95.5,100.3,101.3,96.1,93.4
2002M08,96.1,107.2,105.1,91.1,83.3,110.5,95.1,104.5,103.3,98.9,:,100.2,100.2,103.8,99.8,100.1,109.5,:,95.6,90.8,86,96.1,101.2,100.7,105.6,96.8,92.4
2002M09,96.2,101.6,100.5,92.2,84.8,112.2,98.6,102.5,103.9,98.4,:,105.8,98.7,104.3,99.9,98.6,107.8,:,93.6,91.7,92.5,95.2,99.7,103,108.6,96,93.4
2002M10,95.2,104.1,106.8,92.3,81.3,110.6,98.6,105.7,104.6,98.9,:,99.3,101.9,105.8,101.3,100.7,109,:,91.3,95.5,92.1,92.8,105.1,102.1,107.9,98.9,88.4
2002M11,96.9,103.9,106.4,94,80,110.3,97.7,107,103,98.6,:,102,104.3,104.7,102.4,98.7,107.7,103.3,92.6,92.2,93.7,88.5,108.9,104.4,105.7,108.9,88.6
2002M12,94.4,103.9,107.3,96.4,77.7,107.9,93.8,105.6,100.9,102.4,:,96.4,105.6,104.4,101.8,98.2,107.4,101.8,92.6,95.2,91,89.9,105.4,104.2,104.5,104,89.4
2003M01,92,103.9,107.2,95.1,79.5,111.6,92.1,105.9,102.8,101.2,:,100.1,104.9,106.1,101.4,97.7,103.7,103,88.6,93.6,90.9,91.3,100.6,102.9,100.3,96,87.6
2003M02,92.8,105,105.2,93,80.4,111.7,91.8,104.3,106,98.3,:,98.9,101.2,108.3,103.7,99.2,98.8,97.1,86.9,94,93.4,92.1,102.9,103.5,101.3,102.5,93.2
2003M03,87.6,101,106.9,89,80.9,111.6,90.7,102.6,102.6,94,:,99,103.7,111.1,101.7,99.5,101.3,99.6,85.4,89,90.6,88.4,108.6,101.1,101.3,99.8,89
2003M04,87.8,98,107.4,90.3,84.6,108.3,92.8,99.6,105.6,95.5,:,98.2,98.5,109.3,100.7,100.2,102.3,102.9,86.2,91.5,90.4,86.4,112.6,98.6,108.2,97.1,90.9
2003M05,89.1,102.3,104.3,86.7,83.2,106.3,93.3,102.7,104.7,96.7,:,96.2,106.1,108.5,100.3,99.5,99.1,97.1,86.6,88.4,92.6,88.3,113.8,100.8,106.1,99,92.8
2003M06,88.8,101.7,104.8,89.3,86.6,106.5,90.9,104.5,103.6,95,:,96.9,103.9,108.2,98.8,97.9,99.6,92.6,85.1,93.2,96.1,91.9,117.2,101.1,106,93.7,89.9
2003M07,88.1,103.2,101.6,85.5,87.4,107.8,93.7,105.1,104.2,96.8,:,94.1,103.9,108.3,97.5,97,102.2,98.8,84.4,93.4,96.7,94,113,99.6,102.5,99.2,88
2003M08,91.3,103.8,103.4,90.6,90.2,107.1,93.8,105.3,106.5,97,:,97.7,107.4,107.6,98.9,96.6,100.3,95.7,84.7,96.3,96.2,94.4,115.3,99.3,102.4,96.1,91.7
2003M09,96.6,104,101.9,90.7,92.4,107.7,94.9,104.8,104.2,97,:,99.1,108.4,108.2,99.1,104.2,99.5,94.7,86.4,100.5,98.1,94.2,112.1,103.2,103.1,101.5,92.6
2003M10,97.6,103,104.8,93.4,92.8,109,99.8,108.1,106.9,98.4,:,101.2,108.1,108.4,103.3,100.8,99.2,94.9,87.1,101.1,97.3,95.7,115.6,102.3,108.3,101.9,92.2
2003M11,100.4,102.8,111.6,106.7,95.4,107.2,98.1,108.2,106.8,102.9,:,101,107,108.2,104.3,98.7,105.1,92.4,88.6,99.2,96.4,95.8,109.9,103.5,107.4,102.2,90.8
2003M12,100.4,101.3,105.8,102,93.6,102.9,99.7,109.9,106.5,101.8,:,98,105.2,107.6,103.9,100.1,103,92.9,90.3,99.7,100.2,97.3,113.1,101,98.6,102.1,92.5
2004M01,100.4,101.9,106.6,101.4,91.4,105.5,100.9,112.2,105.6,104.5,:,96.3,105.5,107.8,102.2,99.6,99.5,91.7,89.6,97.7,97.6,95.7,108,101.2,102.4,103.1,94.4
2004M02,101.7,105,104.1,104.7,95.2,106.4,97.1,109.3,106.3,103.5,:,95.6,105.8,108.4,101.4,103.3,100.3,92.5,91.7,99.6,95.5,98,116.9,101.5,106.3,103.4,95.8
2004M03,102.5,108.5,103.2,102.9,92.7,107.8,95,111.5,106.1,104.2,:,95.3,102.9,109.3,103.3,103.8,101.8,93,92.3,101.5,97.7,101.1,117.7,102.7,106.4,107.5,93.7
2004M04,105.2,109.1,104.6,109.6,93,108.4,102.2,112.9,107.8,103.2,:,99.6,106.1,109.3,105.2,104.9,103.7,93,93.2,101.5,100.1,103.5,112.8,107.9,107.3,104.3,97.4
2004M05,105.4,107,105.7,106.6,92.9,109.3,101.8,110.8,108,104.9,:,100.1,104.5,110.3,105.8,112.6,101.9,89.3,95.3,105.9,99.9,104.3,108.4,107.4,104.8,103,100.5
2004M06,106,106.8,107.5,110.1,92.6,107.8,103.6,109.4,107.2,105,:,102.9,103.7,108.7,104.7,114.3,104.1,89.8,96.1,105.1,104.4,101.7,120.7,106.1,107,104.2,100.7
2004M07,108.7,107.3,109.3,111.9,93.1,105.7,102.3,107.5,105.4,106,:,101.7,106.2,108.6,107.9,112.4,100.2,98.5,98.4,103.2,99.7,102.7,119.7,106.6,106.3,106.1,102.6
2004M08,106.9,107.6,109.9,107.8,92.7,105.4,98.1,105.3,104.4,106.5,:,101.9,106.2,108.3,105.6,114.2,99,95.5,98.3,102.1,100.3,104.7,114.1,107.8,108.6,103.4,102.4
2004M09,107.9,107.5,107.6,104.9,94.5,106.2,101.3,103.5,104.7,106.9,:,102.8,105,109.4,107.2,111,99,99.1,98.6,104,101.6,108.5,117.3,105.1,109.7,105.1,104.8
2004M10,108,108.5,108.4,104.9,94.3,103.5,98.2,103.6,105.3,109.1,:,105.8,107.6,107.2,107.9,110.7,96.2,94.4,98.3,104.2,100.1,103.5,115.3,108.2,108,107.7,104.2
2004M11,106.3,109.8,108.4,102.6,94.5,100.9,96.4,102.4,104.5,106.7,:,103,101.4,106.7,104.7,103.8,93.2,101.8,97.7,100.8,101.4,105.6,118.9,106.1,110.8,104.8,103.1
2004M12,103.7,109.9,111.5,105.3,92.8,101.8,96.8,102,105.2,108.1,:,99,104.8,108.1,102.8,101.6,97.6,93.2,96.9,102,101.4,102.4,118.1,105.8,108.5,107.4,103
2005M01,105.8,111,107.9,107.3,96,105,97.2,104.4,105.4,104.7,:,98.5,104,107.2,102.5,106.4,96.1,91.8,98.1,101,100.8,99.3,115.8,104.9,108.5,102.1,105.8
2005M02,105.1,107.6,109.4,107.4,93.5,107.5,100.8,103.9,102.4,103.5,:,96.8,104.3,108.5,102.4,106.8,95.8,98.7,97.7,97.3,103.1,100.4,106.9,105.7,110.3,103.6,101.7
2005M03,103.4,107.5,107,107.8,91.7,110.2,100.4,103.3,104.1,102.1,:,96.2,104.3,108.7,104.7,107.7,93.5,90.7,97.1,98.9,101.3,99.9,109.1,103.6,109.5,105.9,101.2
2005M04,99.4,109.3,104.8,99.8,91.6,109.5,99.3,103.7,104.3,101.2,:,97.2,102.4,108.9,103.7,102.6,93.2,86.5,98.1,99.4,100.3,103.7,98.9,103.3,111.5,103.1,98.5
2005M05,95.1,109.8,107.3,103.2,92.8,110,98.6,101.2,104.4,97.5,:,96.3,102.5,110.1,103.8,100.6,92.6,102.6,97.5,96.8,100,101.9,106.9,103,107.7,102.4,99.3
2005M06,97.4,112.2,104.7,100.6,92,109.4,100.4,100,104,101.1,:,94.4,102.8,109.2,107.1,99.3,93.1,104.9,96.4,96.6,99.7,96.3,96.7,102.3,109.7,105.7,100.4
2005M07,95.1,109.3,108.6,97.9,92.5,111.8,100.1,99.9,104.6,102,:,97.2,101.4,109.8,111.4,98.9,96,81.5,97,95.1,101.2,93.6,105.7,101.6,106.4,110.2,99.6
2005M08,96.9,102.2,106.9,106.8,93.4,110.1,100.2,101,105.3,102.9,:,99,100.5,111.2,106.8,101.3,96.3,90.1,97.8,94.8,99.3,98.3,103.4,103.1,103.5,109.5,100.1
2005M09,98.2,106.2,108,102.5,93.8,108.1,97.4,101.7,105.3,103.8,:,99.7,99.9,110.5,110.6,97.7,98.3,89.3,98,96,101.7,97.8,101.1,102.9,102.6,108.7,99.8
2005M10,103.4,103.2,110.1,107.5,95.4,112.9,96.1,101.5,105.6,103.5,:,104.5,98.8,111.4,112.3,99.9,99.7,96.2,100.5,97.5,102.3,101.6,105.1,102.9,102,109,103.2
2005M11,103.8,106.8,108.2,106.8,95,114.2,102.3,101.9,104.7,101.3,:,105,99.7,111.6,112.4,102.4,101.1,90.4,101.6,99.1,103.1,100.7,107.4,101.8,104.8,111.1,103.3
2005M12,104.9,107.9,109.6,104.5,96.5,117.2,102.7,103.2,106.5,101.2,:,105.3,97.8,112.1,112.2,102.5,99.1,100.9,103.1,96.8,103.8,100.3,108.9,102.8,106.4,105.9,103.4
2006M01,104.6,104,110.6,109.6,100,115.9,102.7,103.6,102.2,102.6,:,106.9,100.9,110.5,113.4,107.9,102.3,102.3,105.4,103.8,104.1,98.3,110.2,107.5,103.3,107.6,107.9
2006M02,105.8,100.5,111.8,110.7,100.1,112.9,103.6,104.2,100.8,102.8,:,106.3,102.9,110.8,112.3,103.9,103.5,101.1,105.8,104.5,104.3,98.8,110.9,106,104.4,108.2,105.8
2006M03,107.1,103.3,112.2,112.9,101.6,112.7,105,106.1,102.5,103.7,:,107,103,112.3,111.6,104.3,103.4,100.7,107.6,104.7,104.9,97,107.8,108.5,109.9,111.4,105.7
2006M04,110.3,106.4,110.6,112.7,102.5,113.3,104.5,107.2,103.4,106.5,:,110.1,103.5,111.4,110.3,105.6,106,100.4,109.7,108.3,104.4,99.3,104.8,108.2,111.5,109.9,106.9
2006M05,109.6,110.2,111.2,113.8,105.1,113.8,102.5,108.1,104.5,105.9,:,110.2,101.6,111.9,112.9,100.5,105,91.3,107.3,109.2,105.5,99.1,107.2,108.7,116.4,111.9,107.4
2006M06,110.2,109.2,111.8,115.1,104.6,115.8,105.8,109,103.4,105.3,:,112.2,102.5,111.9,114.5,102.3,98,93.2,110.8,108.2,107,102.6,104.4,114.8,114.3,113.6,107.6
2006M07,112.7,114.1,111.8,113,104,117.4,110.2,109,103.5,107,:,111.2,102.9,114.7,116.5,99.3,97.7,99.1,111.6,111.7,111.7,101.6,106.6,113.3,115.7,110.8,106.4
2006M08,111.9,114.3,115.4,110.1,103.6,118.4,105.5,108.3,105,108.1,:,110.1,104.1,113.7,113.9,104.3,94,94.3,113.1,111.2,110.4,100.3,106.7,111.2,116.4,108.8,106.8
2006M09,111.9,112.1,113.4,115.2,103.5,118.4,106.3,110.3,105,109.4,:,112.1,98.3,116,113.2,100.9,98.2,92.6,114.1,111.7,110.5,102.9,109.9,114.1,112.4,113.2,106
2006M10,114.4,114.7,114.7,114.8,104.8,116.7,104.5,110,104.6,110.3,:,109.9,108,115.4,113.7,104.6,96.7,89.2,114.9,111.9,111.6,103.6,111.8,111,119.1,112.3,109.3
2006M11,112.3,115.2,114.7,114.9,105.8,117.6,102.8,110,103.9,111.3,:,108.6,104.1,114.5,111.8,108.8,94.2,88.2,114.1,113.6,113.9,107.2,110,111.9,117.9,111.1,110.9
2006M12,115,117,114.5,113.8,106.2,118.7,106.1,109.9,107,109,:,111.5,106.1,115.3,111,108.4,94.6,92.7,115.6,111.4,116,106.1,111.1,112.1,117.5,112.7,108.7
2007M01,111.5,118.8,113.8,114.4,106.1,116.5,105.4,109.6,105.9,108.8,:,107.2,108.3,116.6,111.2,107.5,94.7,92.4,114.9,112.5,116.9,105.5,112.1,112.4,118,112.1,107.9
2007M02,112.6,121.6,116.1,109.5,104.1,116.6,104.4,108.7,105,110.1,:,110.7,107,117.4,114.7,113.8,93.7,85,116.5,113.5,118.6,108.3,114.5,114,117,114.1,108.5
2007M03,111.9,120.3,114.8,111.3,106.5,116.6,101.1,111.1,106.9,110.8,:,111.3,111.7,116.1,113.9,109.8,96.6,98.9,116.7,112.1,118,108.3,112.3,113.1,119.4,115.2,109.3
2007M04,114.4,122,114.4,105,107.8,114.7,102.3,112.9,105,110.9,:,111.4,109.5,114.4,115.3,108.5,94.8,101.3,116.8,113.3,120.1,108.4,114.3,115.1,117.8,115.6,114.8
2007M05,116.1,119.3,115.6,107.8,108.4,110.8,102.9,111.6,103.6,111.8,:,109.9,109.6,113.1,114.3,113.6,96.5,110.8,117.1,114.6,120.5,109,114.4,114.4,121.5,114.1,111.7
2007M06,116.8,119.7,114.3,102.8,109,111.9,101.4,110.3,105.2,112.7,:,108,111.7,112.6,115.7,111.6,97.1,107.5,115.5,114,120.6,108.6,110.4,113.7,119.3,114,112.3
2007M07,115.5,116.4,112.2,104.9,108.3,108.3,101.4,110.9,104.3,112.4,:,107.4,111.1,111.8,115.9,110.3,93.4,113.6,115.4,112.9,120.9,107.7,111,116.7,121.5,112.2,112.9
2007M08,113.4,116,114.1,107.3,107.2,103.4,99.3,111.3,104.1,111.1,:,106.4,114.6,111.6,116.8,108.8,96.1,114.4,114,112.3,119.1,107.2,111.3,113.5,117.6,111.5,109.4
2007M09,111.6,115.8,113.6,103.3,104.6,103,100.8,112.8,103.3,109.8,:,104.7,110.1,109.7,114.1,109,94.9,112.2,110.7,111.2,118.5,109.6,112.5,107.9,116,110.9,107.9
2007M10,109.3,116.1,114.3,105.3,104.6,99.9,103.7,110.5,99,110.8,:,102.4,109.4,106.6,108.4,107.1,89.3,113,111.9,107.8,118.9,106.9,112.6,106.6,113.1,108.5,108.9
2007M11,106,115,112.5,101,102.3,98.5,102.8,109.8,100.6,111.5,:,102.9,107,106.5,113.4,104.8,95,116.7,111.4,105.4,119.1,111.4,111,106.9,112.2,106.7,106.7
2007M12,104.6,114.1,109.7,104.7,102,98.4,97.3,108.4,99.8,108.9,:,102.5,106.8,105.5,109.2,107.5,94.6,110.9,110.2,104.1,118.6,107.7,109.9,109.3,108.5,107.1,106.6
2008M01,103.5,115.8,112.1,100.2,101.3,97,98.4,108.8,97.4,107.3,:,101.1,110.7,102.7,110.1,107,89.6,118.1,109.5,101.3,118.3,113,111.3,104.3,110.5,107.5,103.2
2008M02,103.5,117.6,112.5,92.5,101.3,97.4,94.1,108.7,94.4,105.8,:,99.7,110.9,102.8,107.9,104.5,90.7,115.9,108.7,100.4,117.8,107.7,111.5,105.7,107.4,102.6,99
2008M03,103.5,115.5,112.4,92.9,102,96.3,97.3,107.2,91.3,106.2,:,97.7,112.2,99.8,104.6,102.1,93,118.3,108.3,101.7,118.1,107.2,109.1,107.4,108.8,101.7,102.6
2008M04,100.6,115.7,111.5,95.9,100.3,93,92.2,106.4,90.1,103.4,:,96.3,112.2,95.9,101.5,103,87.5,110.8,104.9,99,117.3,105.4,111.7,107.3,105.7,102.6,101
2008M05,103.7,117.5,108.2,97,100.1,92.5,93,104,89,100.6,104.5,100,109.2,93,103.4,102.3,90.8,105.4,105.4,96.7,115.3,104.1,107.9,104.8,100,102.2,97.3
2008M06,100.1,116,104.7,88.4,98.6,91.8,89.5,103.9,83.9,97,100.3,97.9,109.1,91.4,100.4,95,91.3,98,104.6,94.6,114.3,102.4,107.4,99.8,103.6,97.8,93.4
2008M07,97.3,114.9,104.9,92,94.8,89.1,87,104,86.4,92.4,101.7,94,108.7,90.3,96.4,93.2,94.2,98.4,100.4,91.7,111.3,101.9,107,102.6,102.7,94.7,90.6
2008M08,98.2,118.9,103.3,82.2,92.1,89.5,87.9,103.8,81.9,92.5,100.6,93.7,107.3,90.4,97.4,92.4,92.3,98.6,100.4,91.5,111.8,100.7,107.2,102.6,102.3,91.1,88.5
2008M09,93.6,119.8,100.8,82.2,91.1,84,87.8,100,79.4,92.1,99.3,94.6,107.9,88.2,93.8,91.8,90.9,99.1,97.6,91.2,110.6,96.3,108,101.1,103.8,92.6,88.9
2008M10,86.6,116.6,95.2,79,86.2,79.8,79.5,96.1,76,83.8,96.9,90.9,101.7,83.4,90.3,84.6,85.2,91.8,89.4,85.5,106.6,89.8,108.1,93.6,92.2,87.9,81.6
2008M11,79.8,110,90.3,78.2,81.3,75.1,77.1,93.3,75,82.1,89.5,84.4,98.9,81.7,83.1,76.2,79.4,86.8,86.7,76.9,100.1,91.5,96.5,83.5,86.7,77.8,75.5
2008M12,70.7,96.7,78.9,75,75.7,69.9,75.4,87.7,69.4,71.8,87.9,79.7,95.7,74.5,74.7,74.4,78,83.1,76.7,74.2,96.1,84.8,90.5,76.7,81.5,76.2,71.9
2009M01,73.5,95.5,78.3,63.9,75.1,70,74.4,85,71.9,72.2,85.6,79.8,92.7,68.1,70.9,77.4,73.7,82.5,74.3,74.4,87.9,81,88.6,69.1,79.8,75.4,73.7
2009M02,68.8,95.5,70.5,63.9,73.2,65.2,68.2,81.8,70.1,71.2,82.4,78.9,90.7,63.8,67.8,75.9,71.1,79.8,70.3,69.5,80.5,78,79.1,71.9,75.3,75.2,72.8
2009M03,67.3,93.1,72.5,63,72,64,68.9,79.5,69.5,69.8,81.7,73.3,86.6,62.5,63.4,74.7,68.3,76.5,70.3,69.4,79,81.9,75.1,67.8,66.8,72.7,70
2009M04,69.3,87.3,77.7,67.3,73.2,65.8,68.6,80.6,74.2,70.3,79,77.5,90.9,67.6,61.5,77.3,70.7,79.2,70.7,68.7,81.4,76,75.5,66.5,63.7,73.7,69
2009M05,71.8,87.3,78.3,78.3,74.2,71.1,70.3,82.2,75.4,75.6,80.9,82.8,90.1,69.2,65.6,78.3,77.6,82.1,73.7,70.4,83.9,81.1,77.2,72.4,66.8,76.2,75.8
2009M06,77,85.1,79.1,83.2,77,70.6,75.9,87.6,77,77.8,79.4,82.5,91.5,68.1,67.9,79.3,77.4,80.3,75.2,73.1,85.4,84.2,77.4,75.1,71.7,77,77.3
2009M07,77.5,86,81.3,89.8,79.7,72.3,75.7,86.7,79.7,79.6,77.1,87.2,92.5,67.4,67.1,84.3,79.2,85.4,76,77.3,84.3,88.7,76.6,76.3,75.6,82.5,83.9
2009M08,83,86.6,79.2,89.6,85.2,76.2,77.3,86.9,84.4,81.1,76.4,89.7,87.8,68.1,69.6,85.3,82.4,87.9,82.4,82.7,90.6,92.1,77,78.6,77.3,82.8,86.3
2009M09,83.7,87.3,79,92.1,87.4,80.5,79.8,89.1,83.6,86.4,80.6,90.9,91.6,70.3,69.2,89.5,82.4,87.3,85,84.8,90.8,95.9,79.3,85.1,80.6,87.2,87.6
2009M10,86.3,87.2,79,93.2,89.8,82.8,84.2,92.1,86.3,89,81.8,93.2,89.9,72.5,71.5,97,87.6,94.6,84.8,89,92,95.5,75.5,85.8,83.6,90,91.5
2009M11,93.5,87,83,95.6,91.7,86.1,83.1,91,87.5,91.1,83.7,96.3,92.1,72.6,73.1,94.7,87.1,95.5,90.2,91,93.3,95.2,78.8,89.8,85.7,91.1,95
2009M12,94.1,89.2,87.6,98.9,93.5,88,85.5,90.7,88.1,95.9,84.1,98,92.3,76.1,77.2,97.9,87.3,99.9,93.2,92.4,93.3,96.9,82.9,90.3,92.9,96.4,98.6
2010M01,96.7,86.6,87.8,103.6,93.5,89.3,88.3,90.9,89.9,97.3,83.5,102.4,92.1,78.1,84.3,92.5,89.5,95.2,94.9,94,96.3,99.4,83.7,95.8,93,99,99.9
2010M02,95.1,87.7,90.1,106.8,95.3,91.6,91.2,88.5,90.6,95.5,83.6,102.4,93.2,81.9,83.1,99.2,89.6,96.9,95.5,96.3,99.9,100,85.6,93.9,94.7,103.7,103.7
2010M03,100.8,89.6,89.7,109.6,97.9,91.8,92.9,86.9,92.9,98,83.5,102.5,93.6,86.8,85.2,103.1,93.6,98.7,96.8,95.7,103.5,101.2,88.4,92.8,99.4,102,105.3
2010M04,103.1,90.1,95,112.6,102.4,95.6,95.3,86.9,93.7,100.7,86.4,103.1,95.1,89.9,89,103.1,94.2,101.6,98.3,100.7,103.2,100.8,88.6,93.9,95.8,106.8,103.9
2010M05,100.2,87.9,95.3,114.5,101.4,98.5,97.7,82.4,89.6,98.2,85.9,101.8,92.6,92.2,90.3,101.1,98,102.2,101.4,100.5,100.9,99.1,79.3,94.5,95.5,106.7,108.7
2010M06,98.4,85.2,96.4,110.8,102.5,98.4,97.8,83.7,91.9,96.8,88.8,102.3,93.2,94.6,89.5,97.9,98.7,104.5,100.8,101.6,100.6,97,78.7,95.3,99.9,105.8,110.9
2010M07,101.5,84.5,98.8,110.8,106.5,99.4,97.9,85.4,89.6,99.3,88.5,103.3,94.3,95.4,89.8,97.1,99.6,105,100.7,103,103.2,100.5,80,95.4,101,104.4,109.9
2010M08,104.4,89.2,97.3,108.8,107.7,102.5,96.5,85.8,90,101.2,88.8,101.6,94.5,95.6,93.1,92.8,101.4,102,100,104.8,102.2,96.2,81.1,93.4,99,108.1,110
2010M09,106,86.8,97.5,109.7,109.5,101,93.3,85.2,91.2,101.2,88,100.7,99.3,96.8,94.3,90.1,98.5,103.1,99.8,104.1,101.5,98.6,80.6,93.6,96.8,108.1,113.7
2010M10,108,91,97.3,108.6,110.8,105.2,92.8,86.8,91.3,104,86.6,101.6,95.1,99.3,97.3,94.7,100.6,102.6,103.5,105.9,102.1,96,81.8,98.2,98.9,109.2,110.4
2010M11,109.2,93.5,99.3,105.5,113.9,105.3,93,86,92.2,103.6,89.8,103.1,100.4,98.7,99.9,101.2,102.7,107.1,103.1,105.7,102.2,94,86.1,97.3,100.6,112.1,114.3
2010M12,112.8,98.4,103.9,105.4,115.2,106.9,93.5,85.6,91.4,106.9,90.6,105.7,95,99.7,103.7,98.9,101.6,105.1,104,105.7,103.4,96.9,86.6,97.8,105.9,111,112
2011M01,112.8,96.7,102.6,108,113.6,107.6,95.9,86.9,91.1,108.7,90.7,105.3,93,98.4,101.6,101.1,104.2,102.8,106,108.7,102.7,96.5,88.9,101.6,107,110.6,115
2011M02,112.6,96.7,99.5,108.9,115.5,108.1,99.3,89.3,92.7,109.1,95.1,103.6,93.5,100.4,101.2,107.2,105.6,104,106.1,107.9,105.6,101.6,91.3,98,103.5,109.7,114.9
2011M03,113.1,92.1,98.9,107.4,114.7,108.4,99.9,88.4,90.9,109.3,93.1,102.8,91.6,99.9,103.2,105.5,99.5,101.9,109.2,107.4,103.5,95.2,95.4,97.8,99.8,111.4,113
2011M04,111,94.3,97.8,110,112.9,106.5,99.6,85.6,88.9,108,93,102.3,92.4,98.8,104.5,103.9,102,100.1,107.7,106.9,102,94.3,93.1,98.5,101.8,109.7,109.4
2011M05,107.9,93.5,95.3,105.1,112.1,105.7,96,85.3,91.7,105.9,95.3,99.5,90.6,100.3,105.1,97.1,96,95.6,102.8,102.3,102.6,91.6,93.7,97.9,102.9,108.4,110.2
2011M06,105.1,93.7,95.2,104.8,111.2,105,93.9,82.7,94.6,106.2,97.6,100.5,89.7,100.3,107.4,101.3,96.4,96.4,98.8,102,101.2,90.8,93.3,95.5,95.5,105,108.4
2011M07,104.1,93,95.5,99.6,109.9,104,90,83.2,90.8,103.6,95.9,97.6,89.1,100.3,107.7,103,93.9,93.6,98.1,102,101.6,90.6,94.2,93,91.7,102.7,103.8
2011M08,97.6,90.2,94.3,97.4,105.8,102.4,90,85.3,90.3,97.8,94.1,94.9,82.6,99.5,103.2,106,91.4,89.8,94.1,97.8,97.1,86.2,91.2,91.9,97.7,99.1,98.3
2011M09,95.5,92.8,91.5,93.6,103.6,99.9,91.8,82.8,88,94.7,91.7,89.3,85,100.8,96.6,99.8,89.7,90,92.7,93.9,96.2,80.4,90.8,92.4,93.8,94.3,94.5
2011M10,96.1,94.1,96.3,88.4,102.2,97,98.4,81.1,88.8,93.7,91,90.5,86.5,100.2,94.1,98.9,87.3,89,91.8,91.5,95.3,85.3,90.1,88.7,94,96.2,92.9
2011M11,91.2,92.7,89.9,87.5,102.7,98,92.8,81.9,89.1,91.3,92.5,92.2,85.4,100.1,94.6,94.8,88,93.1,91.6,93.4,96.9,78.5,92.7,91.6,96.4,94.8,92.5
2011M12,92.4,89.9,89.2,88.7,104.2,97.8,91,83.2,87,91.5,93.1,85.4,84.8,99.5,97.1,94.1,85.3,95,91.9,96.6,92.5,78.5,89.6,92.9,94.4,91.9,91
2012M01,92.5,94,89.5,88.8,104.4,97.8,93.3,82.3,90.3,89.4,95.1,85.1,86.1,103.3,95.1,96.2,85.2,94.2,90.2,94.7,95.3,79.9,93.3,92.1,96.8,92.3,90
2012M02,93.3,90.6,92.7,94.4,105,99.1,93.5,82.6,90.4,92.2,92.2,85.1,84.8,101.9,96,89.6,88.1,93.3,92.6,96.2,96.9,79.8,94.3,90.2,93.9,99.6,90.2
2012M03,93.4,95.4,92.6,91.8,104.3,100.5,89.8,83.1,89.7,94,91.5,88.8,81.9,100.5,94.9,96.2,91.6,93.5,90.8,97.5,98.4,82.1,93.5,91.5,98.5,97.4,99
2012M04,92.9,93.3,89.1,93.6,103.5,99.3,91.2,84.2,86.7,93.5,91.9,82,85.8,100.2,94.9,87.9,91.4,93,92.1,97.9,97,83.2,95.2,85.9,99.3,97.2,98.8
2012M05,89.7,92.9,87,88.9,101.7,97.9,92.3,83.2,86.9,91.5,88.9,77.3,83.2,98.7,95,83,85.9,94.5,88.4,99.1,95.3,82.2,97.3,84.4,97.9,94.3,96.8
2012M06,88.1,94.7,86.7,89.5,100,99.3,92.5,81.1,86.9,89.8,90.8,81.2,82.7,101.9,94.6,91.8,87,94.2,87.8,95.9,94.6,83,97.4,81.4,96.9,92.5,95
2012M07,90.5,94.6,83.6,90.8,96.8,98,96.1,82.3,85.4,87.5,91.1,80.7,81,98.8,95,88.1,88.3,95.7,89.3,94.4,94.5,81.4,95.1,81.7,92.8,90.6,94.5
2012M08,89.8,92.4,85.7,91.5,95.9,98.8,94.1,83.1,80.5,87.8,89.8,79.2,82.8,100.2,91.9,85.5,88.3,97.7,88.7,91.3,93,84.7,93,79.7,92.7,88.2,94.6
2012M09,89.3,90.8,85.6,92.2,94.3,96.3,93.9,83.1,81.8,86.8,86,77.8,79.4,100.1,94,89.8,86.6,91.6,88.7,90.3,90.1,79.7,90.9,74.7,92.2,89.4,92.1
2012M10,87.4,88.4,83.8,87.4,93.4,95.5,93.3,82.9,84.4,83.6,87.7,78.7,79.7,100.1,94,79.6,88.8,93.3,89,88.9,87.6,77.9,90.5,76.8,86.6,88.4,89.2
2012M11,85.9,89.2,82.4,94.8,95.6,95,97.9,85.2,85.1,84.9,88.8,79.8,77.5,101.1,93.9,83.1,87.4,93.3,85.7,90.8,88.6,78.5,93.1,78.5,85,89.4,87.2
2012M12,89,92.7,86.1,92.6,96.6,97.9,94.6,89.5,85.4,85.8,88.3,81.6,78,101.9,96.6,80.1,91.1,95.9,86.4,92.6,89.2,83.5,93.3,83.4,87.2,90.7,87.2
2013M01,89.9,90.1,86.4,91.1,98.8,98.4,94.7,88.7,85.5,86.6,90.2,80.7,80.2,103.9,98,79.1,93.3,95.9,87,91.7,87.4,80.4,91.6,83.2,85.4,89.9,89.4
2013M02,93.1,92.4,87.7,91.7,99.3,99.4,95.1,90.4,87.5,86.6,90.4,80.7,81.6,103.3,98.9,79.6,92.6,98.6,87.6,95.9,88.1,82.8,94.2,84.2,87.4,91.5,91.7
2013M03,89.6,95.7,86.4,92.9,99.9,98.7,93.1,91.4,86,86.1,92.3,83,83.5,102.1,99.9,76.2,91.5,98.4,87.8,93.5,89.6,84.1,93.4,87.9,91.2,91.6,92.9
2013M04,87,91.2,82.8,88,97.3,97.6,92.2,92.1,86.7,83.1,90.9,80.4,70.5,100.4,99.8,80.9,90.4,100.9,88.1,91.4,88.2,84,92.6,86.9,91.7,90.2,92.4
2013M05,89.5,91.8,84.9,88.4,98.6,98.6,92.3,96.2,87.5,83.1,91.3,81.3,78.3,101.1,98,84.3,94.3,102.1,89.2,92.2,89,86,93.3,85.6,88.8,90,90.8
2013M06,89.8,90.9,85.7,96.9,99,96.9,94.5,96.3,89.7,85.3,93.1,83.5,80.3,100.8,101,87.3,96,100.3,90.4,91.3,89.1,87.2,94.7,88.2,85.4,92.6,92.7
2013M07,90.8,91.7,85.1,93.3,99.8,97.3,94.5,94.8,91,86.8,95.2,85.9,83.1,100.6,98.4,84,94.5,101,87.9,93.5,90.6,86.7,93.5,87.2,88.8,92.5,95.6
2013M08,94.1,92.8,88.4,95.3,102,98.1,98.5,93,91.7,88.3,94.4,88.4,83.8,98.9,103,84.2,98.2,98.1,92.1,95.4,92.1,90.3,93.4,88.8,89,90.1,97.7
2013M09,98.2,93.8,91,101.6,103.5,99.1,99.8,96.1,94.9,90.6,93.6,93,85.7,99.8,101,90.5,99,98.2,92.9,96.3,94.3,91.5,96.4,88.6,91.5,88.8,95.7
2013M10,98.6,92.1,92.8,105.8,104.1,100.6,101.3,94.3,92.3,92.6,93,90.6,86.2,99.8,97.7,90.3,100,102.1,95.5,101.6,94.5,93.7,93.6,88.3,94.9,89.2,98.3
2013M11,103.8,91.3,95.1,103.5,105,100.6,101.2,94.2,93.6,91.8,93.7,93.8,86.2,101.5,97.1,93.9,103.8,103,96.4,102.5,94.4,96.1,92.7,89.8,93.9,92.3,102.9
2013M12,103.3,92.6,95.2,102.2,105.3,99.8,105.1,94.1,98.5,92.4,94,95.3,88.4,101.5,98.5,93.9,107.6,104,98.3,100.4,96.6,99.7,93.2,90.5,95.4,94.8,103.5
2014M01,103.2,94.5,93.4,107.2,106.3,102.3,103.8,95.4,97.7,93.1,94.8,95.8,88.9,103.3,100.7,88.8,108.3,105.6,97.3,97.3,97.7,100.3,92.2,91.9,98,92.2,103.2
2014M02,108.2,96.1,95.6,99.7,106.4,100.5,104.7,97.7,98.2,92.4,97,96.8,90.1,106,100.8,88.6,109.2,103.4,99.1,99.9,98.3,98.9,96.7,92.9,93.4,92.2,100.2
2014M03,105.1,98.4,98.3,102.8,106.5,99.9,105.1,100.3,99.8,92.8,97.9,98.5,90.3,101.3,101.4,89.4,109,104.8,101,101.2,98.4,101.4,97,95.1,97.3,90.7,99.9
2014M04,102,97.8,97.8,100.5,106.1,100.3,107.8,97.9,98.9,93.1,97.2,99.1,94.3,103,100.4,93.7,111.8,102.1,99.6,100.2,99.3,101.4,95,97.2,100.3,88.4,101
2014M05,103.1,100.1,97.5,101,106.3,97.2,105.2,100.9,99,92.6,97.5,100,96,100.6,98.7,94.9,109.6,103.9,100.3,100.5,98.7,102.8,96,99.6,102.6,90.8,99.3
2014M06,103.5,97.8,99.8,98.4,105.3,96,104.1,105.7,101.1,90.4,97.8,99.2,94.9,100.6,97.5,89.8,109.7,103.8,101.6,99.2,99.2,102.8,95.4,101.2,101.3,91.8,100.8
2014M07,102.4,98.5,98.2,96.8,105.2,95,107.5,105.1,101.4,91.6,97,100.1,96.9,101.4,95.2,90.4,107,106,101.4,94.6,98.1,102.9,98.8,101.8,103,91.3,101.1
2014M08,101.1,95.7,99.4,104.7,104.2,97.5,108.6,104.7,101.2,91.1,100.3,94.6,96.1,99.9,96.2,88.7,105.7,107.7,100.8,97.4,98.2,100.8,100.3,100.1,102.3,92.4,102.2
2014M09,99.2,91.4,100.5,99.9,103.3,97.4,109.5,101.7,102.5,91.3,98.1,94.4,96.8,98.4,94.5,88.4,108.3,111.7,100.7,93.9,97.6,102,99.9,100.3,102.1,86.3,101
2014M10,98.5,92.4,100.8,102.3,103.6,99.1,107.9,104.7,101.3,93.3,97.1,94.4,95.4,99,100.2,91,111.6,109.9,102.9,96.6,99.8,103.8,102,103.6,101.4,90,102.6
2014M11,98.1,95.3,102.5,98.6,102.8,101,110.6,105.6,102.5,94.1,98.9,93,94.8,101.3,100.9,90.5,111.2,105.4,102.8,98,100.7,102.6,100.2,102.5,106.3,89.9,101.5
2014M12,96,95.7,104.6,97,102.8,99.7,112.7,102.2,103.9,92.3,99.7,94,98.6,99.4,97.1,93.1,110.9,105.2,103,95.5,100.9,103.4,101.7,101.9,101.1,88.8,103.4
2015M01,97.2,97,104.1,98.5,103.4,98.3,108.8,97.7,104.5,92.5,99.9,95.5,97.6,98.4,95.6,93.4,108.5,108.2,102.5,96.9,99.8,103.5,100.8,103.7,100.8,90.1,102.5
2015M02,97.5,100,101,97.9,102.9,95.4,110.7,99.4,105.7,95.4,100.8,98.2,99.1,97,97.1,91.2,108.6,110,101.9,92.7,100.3,102.8,101,104.7,102.9,88.9,101.3
2015M03,98.8,96.4,101.9,96.9,104.1,93.7,113,98.4,107.3,94.9,102.4,101.1,99.4,99.6,99.7,89.5,108.8,109.2,102.2,95.7,100.2,104.2,100.7,105.7,101.5,90.8,99.6
2015M04,100.5,99.7,102.1,100.5,104.1,94.1,111.8,94.8,109.2,94.9,104,101.7,102.8,100,100.3,91.3,108.6,110.3,103.1,95.3,100.8,107.5,102.5,105.4,103.3,91,97.9
2015M05,102.1,100.4,103.3,103.6,104.1,93.5,112.7,93.6,109,95.6,104.9,101.6,99.1,99.4,96.9,96.1,108.8,109.3,104.5,96.4,100.3,106.9,102.5,105.3,102.6,89.8,101.2
2015M06,101.6,100.7,104.6,101,105,92.2,113,93.2,107.2,96,105.3,102.7,99.5,97.6,96.3,91.4,108.2,106.3,104.1,96.4,99.2,106.8,103.4,104.6,102.1,90.3,100.2
2015M07,100.1,100,103.5,100.4,105.6,93.6,113.1,84.6,107.1,96.7,105.8,102.6,96.4,99.3,97.4,92,108.3,106.6,104.6,97.7,98.1,106.8,104.3,103.7,99.6,92.2,100.6
2015M08,101.4,102.4,102.6,99,106.1,94.2,110.1,79.1,109.3,97.7,103.6,102.7,99.9,100.1,97,92.9,108.4,104.4,104.3,100,99.5,104.8,104.4,107.3,102.6,90.9,103.1
2015M09,97.4,100.4,103.1,99.9,107,95.2,109.9,87,108.4,98.1,103.5,105.9,99.8,98.4,99.5,94.1,111.9,106.6,106,99.4,98.4,105,104.5,105.2,102.1,92.2,103.6
2015M10,100.3,101.9,103.1,105.1,106.4,97.6,108.2,89.8,107.7,101.2,106.6,107,102,99.7,100.8,93.5,111,111.3,104,97.1,100.2,105.9,105.9,107.1,106.1,94.2,104.6
2015M11,101,102.5,104,103.4,106.5,97,111.3,90,107.8,99.7,106.7,106.1,101.9,98.1,101.6,95.4,108.7,105.3,106,99.7,101,105.1,103.9,105.7,100.2,95.2,103.7
2015M12,103.1,102.9,104.1,104.7,105.9,97.2,111.1,90.8,111.5,99.6,108.5,106.3,101.9,99,100.1,96.1,109.3,105.6,104.5,102.4,100.1,104.3,103.9,106,100.1,93.8,106.9
2016M01,100,102,105.1,103.2,104.9,98.6,111.3,94.4,107.3,101.7,107.3,104.3,102.6,100,100.8,96.8,110.3,104.8,105.6,102.7,101.4,106,104.4,102.2,105.1,96,107.9
2016M02,97.6,102.1,103.7,102.1,103.7,96.2,109.2,91.7,106.6,101.6,106,103.9,103.6,99.2,99.8,95.2,107.2,104,103.2,97.7,101.4,104.6,102.6,102.8,105,91.9,105.5
2016M03,99.4,101.5,103.1,101.5,103.3,97.2,109.4,92.9,106.1,99.5,106.2,100.9,104.3,100.9,100.3,101.5,107.9,102.9,102.3,97.9,101.9,103.6,102.9,102.3,105.5,93,103.8
2016M04,100.9,100.6,102.6,101.4,103.9,97.4,108,93.5,105.4,98.9,106.7,105.5,108,101.1,98.6,103.3,106,105.2,104,99.2,102.4,106.5,104.3,105.1,102.5,93.8,102.1
2016M05,101.6,99.4,103.5,101.3,103.8,97.4,112.3,92.7,104.7,99.9,104.5,105.1,106.7,101,98.8,105.5,105.7,101.4,104,100.8,101.5,104.8,103.5,102.9,100.4,93.3,101.1
2016M06,107,102.3,103.1,104.8,105,97.9,110.6,92.8,105.1,97.7,105.5,103.3,105.2,101.7,98,106.2,105,105.1,105.8,100.7,101.1,105.9,103.9,102.3,101.5,95.4,101.4
2016M07,105,102.8,104.3,102.3,105.4,99.8,107.2,94.1,104.7,96.8,105.4,104,105.2,102.1,98.3,101.4,110.2,106.3,105.6,100.6,101.8,105.5,103.9,104.2,105.5,95.1,100.4
2016M08,102,101.9,104.2,99.4,104.9,98.6,110.3,95.6,103.4,99.1,106.9,101.6,110.9,100.3,100.8,103.4,105.3,106.8,102.1,100.1,99.8,105.2,104.4,106.2,100.7,99.2,99.4
2016M09,101.4,103.3,105.8,99.1,106,100.7,107.6,94.4,104.4,99.3,107.6,101,104.9,101.3,102.4,100.4,106,109.3,103.1,101.7,102.8,105.8,103.5,104.1,103.9,103.6,101.8
2016M10,101.1,104.5,105.4,98.5,107.4,101.5,107.7,96.6,107.4,99.1,109.4,102.5,106.9,100.6,101.7,104.1,105.1,108.6,104.4,104.3,103,107.5,103.5,106.6,103.7,101.4,104.7
2016M11,103.8,106.8,108,98.2,107.2,100,104.8,95.4,108,101,108.6,101.7,109.8,100.8,104.8,105.6,107.6,109.8,104.5,105.1,101.7,108.1,105.4,107.6,101.7,99.6,107.3
2016M12,104.8,105.9,107.8,102.5,108.3,102.1,109.3,97.2,105.5,103.3,109.8,101.7,108.4,101.4,107.2,103.2,107.9,110.1,106,105.1,103.1,108.8,104.4,106.3,105.2,104,109.7
2017M01,105.8,106,106.2,105.5,107.8,101.6,107.7,97.4,106.4,101.8,109.5,104.3,109.5,100.4,104.6,114.6,109.7,107.8,107.5,107.4,105.9,108.9,104.4,107.3,105,104.4,108.5
2017M02,101.8,105.9,106.5,104.9,107.4,104.8,107.3,95.6,108.4,103,109,103.8,109,101.6,103.3,108.9,109.7,110.7,107.1,107.7,104.5,109.4,104.7,109,107.3,102.9,109.1
2017M03,102.7,104.5,104.1,104.1,107.7,103.3,106,95.7,106.1,102.2,112.6,103.9,110.9,102.8,102,111.6,110.9,109.9,107,107.8,104.4,109.8,106,110.3,103.1,105.1,106.8
2017M04,104.9,105.3,105.7,106.1,109.2,105.5,106,97.8,107,103.8,110.5,105.1,111,102.4,102,110.3,110.6,109.8,108.9,108.4,105.4,110.2,105.5,109.2,102.2,105.5,110.1
2017M05,105,104.6,104.3,103.2,108.6,103.4,109.3,95.9,107.5,105.2,109.8,104.9,111.1,103.3,101.7,109.6,111.8,109.6,106.5,108.5,104.9,111.8,106.2,107.1,103.3,107,109.6
2017M06,105.2,104.7,105.4,108.8,110.1,107.4,108.8,96.3,108.4,107.1,110,104.3,110.7,103.3,103.1,112.4,113.3,111.3,108,111.9,106,111.1,106.1,109.4,102.4,107.8,109.5
2017M07,105.9,106.2,105.6,112.2,111.3,107.3,112.7,99.8,107.3,107.2,111.7,104,112.1,102.1,106.2,110.4,115.2,110.3,108.9,114.6,105.4,112.8,106.6,108.8,102.7,108.2,108.9
2017M08,101.9,108.1,106.8,105.4,111,104.4,109.9,101,109.4,108.5,112.3,108.2,107.1,103.8,106.3,113.5,114.1,113.5,107.9,108.7,105.3,110.4,106.4,108.9,105,108.8,107.7
2017M09,103.9,107.5,107.7,106.6,111.4,106,106.7,102.2,109.4,109.6,110.7,108.9,108.7,104.2,106.9,111.5,116.4,113.5,109.6,113.8,107.5,112.7,106.5,111.2,108.4,111,109.5
2017M10,105.5,108.5,108.7,111.2,112.9,104.4,109.9,100.1,110.9,108.3,110.6,110.7,112.5,104.9,105.9,111.7,114.5,113.4,109.9,114.8,108.4,113.5,106.2,114.2,108.6,111.8,110.5
2017M11,107.7,108.8,107.8,112.9,113.2,106,109.2,100.3,111.6,109.5,111.2,110.6,112.7,104.5,105.4,111.7,115.4,116,110,115.1,107.7,113.9,105.5,114.7,103,110.4,110.9
2017M12,106.2,106.6,107.1,114.4,113.8,106.3,107.9,102.4,110.7,112.5,111.8,111.3,112.7,105.4,107.2,112.5,117,118.9,110.7,119,108.5,113.7,105.6,114.7,104.9,115,108.8
2018M01,107,110.4,106.9,109.1,114.4,105.1,110.1,102.9,111.4,111,114.6,108.6,114.3,106,106.2,112.6,117.3,117.3,111,115.6,113.9,112.9,105.3,114.3,100.8,111.9,109.2
2018M02,107,109.4,108.6,113.3,113.8,105,109.1,105.2,110.7,108.2,114.7,110.4,114.4,104.8,107.1,111.1,117.7,116.2,111.3,117.7,114.2,112.8,103.9,111.7,108.7,113.1,108.8
2018M03,107.3,109.4,109.3,109.4,111.7,104.9,109.1,100.9,109.1,107.3,111.1,108.1,110.9,103.5,106.2,107.5,117,114.2,111.1,116.1,111.1,111.9,102.4,110.7,106.6,111.6,108.2
2018M04,107.6,109.5,108.4,107.7,111.2,103.1,114.3,104.2,110.4,108.5,112.1,108.1,112.9,102.1,109,107.7,116.4,106,109.1,114.7,110.7,110.3,101.6,112.1,104.4,109.8,108.9
2018M05,105.8,109.6,108.3,111.6,111.3,101.8,111.3,105.1,109.1,106,113.9,106.7,109.9,102.5,109.1,107.9,116.4,112.3,109.7,112.9,111.4,111.3,102.6,111,102.6,110.7,108.2
2018M06,104.7,107,108.1,110,110.8,103,113.1,103.7,109.3,107.5,112.6,107.8,106.3,102.8,110.4,108.5,118.8,111.7,108.2,113,112.6,113.2,102.4,110.8,101.8,108.6,106.8
2018M07,102.3,105.2,106,112.1,111.6,104.5,108.2,106.1,107.8,107.4,110.4,108.1,107.4,102.9,111.2,111.4,120.3,115.4,109,111.4,113.2,112.9,100.8,109.2,101.8,110.3,106.9
2018M08,105.5,107.2,105.3,110.3,111.7,102.6,110.4,105.8,106.8,105.5,110.5,107.4,107.8,104.3,110,106.9,115.7,113.6,108.1,112.7,112.2,112.6,101.4,109.4,99.3,110.1,109.6
2018M09,107.1,106.6,107.9,108.7,111.5,103.5,112.3,102.3,105.6,103.7,112.3,107,112.5,104,109.8,108.5,112,113.2,108.8,112.6,109.8,111.5,103.7,106.8,98.8,110,108.4
2018M10,104.5,103.7,107.1,106.3,110.3,102.4,113.9,102.2,107.6,102.3,111.8,106.1,110.9,103.9,109.9,109.5,115.7,103.1,107.5,112.4,109.2,110.3,103.1,109.4,100,105.1,106.1
2018M11,103.9,102.5,108.1,107.8,110.8,103.6,113.1,102.7,107,103.1,112,105,110.4,103.8,109.2,110.6,115.1,111.5,107.2,110.4,111.4,111,102.3,108.1,98.6,104.4,105
2018M12,100.5,104.4,107.9,105.5,108.7,102.3,114.1,102.6,103.7,99.9,113.4,104.1,114.4,104.9,110.4,106.5,116.9,108.2,106.9,107.7,110.4,111.5,102.6,108.6,99.9,101.4,105.8
2019M01,99.3,103.7,106.7,103.8,107.8,100.6,106.3,101.3,104,100.7,111.2,102.9,111,104.3,109.5,108.4,116.5,103.4,103.2,105.6,107.5,111.2,102.7,109.8,99,102.1,102
2019M02,101.1,101.9,107.4,100.5,107.8,100,108,102.9,104.5,100,113.5,101.1,107.4,102.3,108.4,107.1,116.8,110.1,106.3,105.9,109,110.3,103.3,107.2,101.8,100.7,102.6
2019M03,101.3,98.9,106.4,104.3,106,100.6,106.8,103,107,100.9,114.3,100.9,109.1,103.3,107.7,107.2,115.8,103.3,105.2,104.4,109.4,107.7,104,108,98.7,99,101.7
2019M04,98.8,101.2,105.5,103.5,104.7,99.3,107.2,102,104.2,99.4,111.2,100.1,110.3,101.5,108.6,105.1,111.5,94.6,105.5,104.1,106.1,107.6,102.6,105,94.2,98.6,104.3
2019M05,97.8,101.1,103.3,106,105,100.4,107.6,102.4,105.4,104.2,112.5,101.9,108.6,101.3,108.7,105.5,112.8,98.4,104.4,105.1,106,108.2,102.7,107.9,95,100.4,99.1
2019M06,95.1,100,102.9,100.8,102.2,98.3,105.2,102.7,104.2,103.3,111.2,100.4,109.9,101.5,107.2,102.9,109.3,104.1,103.1,101.7,107.6,109,104.3,105.7,97.5,98.6,99.2
2019M07,98.3,102.7,103.1,97.5,99.6,96.8,102.3,106.6,105.7,102.8,111.5,101.9,108.1,101.2,106.8,104.1,107.3,104.4,104.9,102.5,107,107.5,104.8,107.6,95.1,97.5,98.5
2019M08,95.3,102.1,103.6,102,99.9,97.7,99.3,109.5,108.2,103.1,109.9,100.5,109.2,101.1,109,104.8,109.9,101.5,104.7,102.5,106.7,107.7,103.9,105.6,98.7,98.7,96.7
2019M09,93.9,102.8,102.7,101.6,98.8,95.8,97.3,108.3,104.2,102.3,113.7,99.7,112,101.2,108.8,99.6,104.8,103.2,101.8,103.2,106.6,107.2,103.8,106.3,101,98.6,94.6
2019M10,95,103.5,100.8,97.6,98.6,94.9,95.9,107.8,101.3,102.7,112.2,99.8,109.6,99.8,108.3,100.3,106,104.6,102.1,101,105.5,107.2,103.5,103.1,96.1,95,95.9
2019M11,94.7,101.7,101.3,101.8,99,93.4,101.2,108.1,102.2,102,112.9,99.9,110,100.7,108.1,100.5,109.6,104.8,101.2,99.4,105.8,108.4,105.2,101.6,101.9,96.9,95.1
2019M12,96.5,104.2,101.4,102.8,99.5,95.3,97.3,110.4,102.9,101.4,113.5,101.6,108.8,101.3,107.5,105.4,105.9,95.2,100.8,100.2,104.9,105.6,106.1,102.1,98,96.6,94.8
2020M01,98.1,102.4,101,99.7,101.4,95.2,102.2,109.5,101.9,104,114,101.6,112.6,102.2,108.8,97.6,104.5,102.2,100.5,102,102.9,107.1,106.4,102.7,100.6,95.2,96.6
2020M02,100.4,100,98.2,103.1,101.9,97.9,102.5,113.2,103,105.4,112.7,101.5,112.3,102.6,110.2,102.2,105.2,96.9,102.4,103.4,101.7,106.1,105,105.8,99,94.1,98.7
2020M03,93.2,97.8,96.8,95.3,92.4,97.4,96,109.3,99.9,99.1,104.1,85.3,102.7,96.9,103.1,99.8,103.3,91.5,98.8,95.7,98.7,99.3,100.7,96.1,98.5,91.4,93.6
2020M04,64.3,65,69.1,65.2,73.2,71.2,68.4,99.2,74.6,70.4,74.6,:,78.1,78.8,81.8,76.3,76.9,63.1,68.4,65.9,59.3,69.7,67.9,69.3,59.6,71.1,69.9
2020M05,66.2,69.6,69.8,65.5,76.4,71,72.9,88.6,76,70.5,81.2,65.8,80.5,80,85.7,87.7,78.2,67.2,71.4,72.5,58.9,65.9,71.5,77.2,63.7,74.8,71.6
2020M06,71.7,77.4,69.9,76,82.7,73.6,79.1,87.8,83.7,79.8,86.8,73.9,82.6,84.6,89.7,91.3,83.8,67.3,78.6,80.2,67.5,76.4,79.7,82.1,75.6,78.3,79.7
2020M07,80.2,77.8,86.2,83.5,88.8,82.6,82.3,90.9,91,84.2,85.3,79.8,83.6,88.5,92.4,98.2,85.7,73.1,83.3,84.6,76.4,86.7,84.7,88.2,86.1,87.3,86.6
2020M08,85.6,78.3,85.4,84,94.5,85.8,86.5,90.8,88.6,92,92.4,82.2,85.2,91.8,94.4,98,86.4,81.8,90.4,88.6,82.2,87.6,88.8,94.8,90.5,85.1,89.3
2020M09,90.4,83.3,89.3,86.3,95.6,88.6,90.2,89.6,90.2,95.7,90.2,90.2,83.9,95.1,97.1,96.2,87.9,88.9,92.6,90.7,84.1,88.7,90.7,96.5,88.2,83.7,94.3
2020M10,92.8,83,85.1,89.6,96.9,91.8,86.5,92.3,90,92.6,90,90.9,83.5,93.1,99.5,104.5,86.8,84.5,90.6,89.1,85.5,90.2,88.9,92.5,89.6,86.4,95.3
2020M11,90.2,81.1,77.6,88,94.2,90.6,91.5,91,88.1,88.2,87.6,82.9,83.5,91.4,95.6,98,82.1,76.6,91.6,83.5,77.9,86.1,85.4,85.4,87.3,87.8,95.9
2020M12,94.6,79.1,85.4,96.4,94.3,93.6,92.2,91.5,91.2,92.4,88.3,89.5,86,89,95.7,104.1,86.2,85.4,93.8,90.6,83.1,87.6,87.1,88.7,88.2,90.3,95.7
2021M01,97.8,81.2,84.5,93.8,92,95.6,87.3,90.6,93.6,89.8,89.8,89.9,80.1,87.2,98.6,106,89.9,86.1,94.4,88.4,82.1,87.2,89.9,90.6,83.4,95.1,100.4
2021M02,97.6,83.7,87.7,92.3,94.9,96.4,90.4,91.7,90.4,91,93.7,94,81.2,88.5,101.5,104.5,89.2,88.2,93,91.8,86.4,85.3,90.8,94.6,79.6,93.2,103.4
2021M03,102.8,89.7,83.8,98.7,102.8,93.6,97.1,96.6,96.6,95.8,99.3,98.8,85.1,90.7,103,104.8,91,94.5,97.5,104,89.5,93,91.2,98.6,85.2,96,105
2021M04,113.6,98.2,95.2,111.4,108.2,102.7,109.5,97.7,105.8,105.3,103.2,104,93.4,101.8,107.9,115.3,98.8,116.3,108.2,111.9,100.9,103.9,101.7,106.1,104,109,115.3
2021M05,115.2,98.4,99.9,114,111,107.3,110.8,108.4,108.1,110.4,106.2,114.6,100.7,104.4,111.3,118.8,103.8,114.5,111.3,116.3,105.9,111.3,104.3,109.3,99.6,109.8,120.2
2021M06,118.6,100.9,106.6,113.4,116,107.7,111.2,108.4,107,112.1,107.8,116.7,105.2,105.8,109.9,120.5,105.1,113,113.3,122.9,105.9,110.5,102.7,108.1,104.3,114,118.5
2021M07,118.8,102.1,96.9,113.7,116.2,109.7,113.5,110.9,108.6,115.7,110.3,118.3,102.2,103,107.8,117.7,108.6,109.7,112.9,121.4,105.3,104.7,103.6,106.3,98.9,113.1,120.8
2021M08,115.5,100,95,112.8,115.8,106.7,112.9,112.6,107.5,111.8,111.7,116.4,105.1,102,107.8,121.9,110.6,115.1,110,119.6,103.3,106.2,102.3,103.4,96.9,115.3,120.5
2021M09,112.6,99,92.1,115.9,116.6,110.3,113.3,109.4,109.2,110.6,112.3,115.6,104.5,100,106.2,116.6,110.1,111.1,110.6,115.3,103.9,106.9,100.4,102.6,97.2,115.9,118.9
2021M10,112.5,97.7,93.1,117.9,116,106.6,115.4,112.1,111.8,112.5,109,117.2,106.1,100.8,105.9,113.2,112,108.5,112,118.3,105,108,99.8,99.4,93.3,116.2,121
2021M11,114,95.8,92.2,112.3,114.3,107.4,107.7,113.1,109.1,116.2,111,118.2,104.9,98.1,107.5,113.8,112.6,108,109.9,116,105.4,108.3,99.6,102.1,96,116.8,119.1
2021M12,111.2,100.3,91.6,110.3,111.5,107.3,103.7,110,108.3,113.7,109.3,116.7,107.6,99.9,108.7,112.9,107.1,97.5,105.8,110.7,106.2,108,102.5,102.8,91.5,111,119
2022M01,107.4,100.8,94.1,106.3,112.3,104.6,107.5,114.2,108.9,110.9,110,110.6,105.6,99.3,106.7,114,108.1,102.2,104.5,110.5,102,105.4,101.2,102.5,95.4,110.7,112.7
2022M02,107.7,101.7,99.3,105.8,113.5,102.8,108.4,114,111.3,112.8,107.6,111.6,109.3,102.5,106.2,115.1,107.9,115.7,102.8,112.1,100.3,109.1,101.2,104.5,91.5,114.3,113.5
2022M03,98.9,96.4,91,100.2,109.2,99.8,107.6,113.2,104.8,105.7,109.1,109,100.8,96.7,102.1,100.2,103.9,108.6,103.3,107.3,97.3,105.1,102.1,100.4,94.6,105.8,109.9